link,value
"('INITIAL', 'stor_Shasta.2010-10-31 00:00:00')",2807.466437
"('INITIAL', 'stor_Keswick.2010-10-31 00:00:00')",14.67843361
"('INITIAL', 'stor_Folsom.2010-10-31 00:00:00')",601.3224045
"('INITIAL', 'stor_Nimbus.2010-10-31 00:00:00')",5.42732028
"('INITIAL', 'stor_New Melones.2010-10-31 00:00:00')",1492.513045
"('INITIAL', 'stor_Pine Flat.2010-10-31 00:00:00')",616.7409277
"('stor_Shasta.2010-10-31 00:00:00', 'stor_Shasta.2010-11-30 00:00:00')",3092.25898211
"('stor_Keswick.2010-10-31 00:00:00', 'stor_Keswick.2010-11-30 00:00:00')",29.35686722
"('stor_Folsom.2010-10-31 00:00:00', 'stor_Folsom.2010-11-30 00:00:00')",709.187125873
"('stor_Nimbus.2010-10-31 00:00:00', 'stor_Nimbus.2010-11-30 00:00:00')",10.85464056
"('stor_New Melones.2010-10-31 00:00:00', 'stor_New Melones.2010-11-30 00:00:00')",1566.09867955
"('stor_Pine Flat.2010-10-31 00:00:00', 'stor_Pine Flat.2010-11-30 00:00:00')",701.573297908
"('stor_Shasta.2010-11-30 00:00:00', 'stor_Shasta.2010-12-31 00:00:00')",3435.78763706
"('stor_Keswick.2010-11-30 00:00:00', 'stor_Keswick.2010-12-31 00:00:00')",29.35686722
"('stor_Folsom.2010-11-30 00:00:00', 'stor_Folsom.2010-12-31 00:00:00')",861.340787871
"('stor_Nimbus.2010-11-30 00:00:00', 'stor_Nimbus.2010-12-31 00:00:00')",10.85464056
"('stor_New Melones.2010-11-30 00:00:00', 'stor_New Melones.2010-12-31 00:00:00')",1599.62100662
"('stor_Pine Flat.2010-11-30 00:00:00', 'stor_Pine Flat.2010-12-31 00:00:00')",920.347966524
"('stor_Shasta.2010-12-31 00:00:00', 'stor_Shasta.2011-01-31 00:00:00')",4430.50443675
"('stor_Keswick.2010-12-31 00:00:00', 'stor_Keswick.2011-01-31 00:00:00')",29.35686722
"('stor_Folsom.2010-12-31 00:00:00', 'stor_Folsom.2011-01-31 00:00:00')",1202.644809
"('stor_Nimbus.2010-12-31 00:00:00', 'stor_Nimbus.2011-01-31 00:00:00')",10.85464056
"('stor_New Melones.2010-12-31 00:00:00', 'stor_New Melones.2011-01-31 00:00:00')",1813.02337052
"('stor_Pine Flat.2010-12-31 00:00:00', 'stor_Pine Flat.2011-01-31 00:00:00')",1233.481855
"('stor_Shasta.2011-01-31 00:00:00', 'stor_Shasta.2011-02-28 00:00:00')",3199.37100126
"('stor_Keswick.2011-01-31 00:00:00', 'stor_Keswick.2011-02-28 00:00:00')",29.35686722
"('stor_Folsom.2011-01-31 00:00:00', 'stor_Folsom.2011-02-28 00:00:00')",1202.644809
"('stor_Nimbus.2011-01-31 00:00:00', 'stor_Nimbus.2011-02-28 00:00:00')",10.85464056
"('stor_New Melones.2011-01-31 00:00:00', 'stor_New Melones.2011-02-28 00:00:00')",1385.05710856
"('stor_Pine Flat.2011-01-31 00:00:00', 'stor_Pine Flat.2011-02-28 00:00:00')",839.095117646
"('stor_Shasta.2011-02-28 00:00:00', 'stor_Shasta.2011-03-31 00:00:00')",3850.0191953
"('stor_Keswick.2011-02-28 00:00:00', 'stor_Keswick.2011-03-31 00:00:00')",29.35686722
"('stor_Folsom.2011-02-28 00:00:00', 'stor_Folsom.2011-03-31 00:00:00')",1202.644809
"('stor_Nimbus.2011-02-28 00:00:00', 'stor_Nimbus.2011-03-31 00:00:00')",10.85464056
"('stor_New Melones.2011-02-28 00:00:00', 'stor_New Melones.2011-03-31 00:00:00')",1527.52540414
"('stor_Pine Flat.2011-02-28 00:00:00', 'stor_Pine Flat.2011-03-31 00:00:00')",989.791623565
"('stor_Shasta.2011-03-31 00:00:00', 'stor_Shasta.2011-04-30 00:00:00')",5614.932874
"('stor_Keswick.2011-03-31 00:00:00', 'stor_Keswick.2011-04-30 00:00:00')",29.35686722
"('stor_Folsom.2011-03-31 00:00:00', 'stor_Folsom.2011-04-30 00:00:00')",1202.644809
"('stor_Nimbus.2011-03-31 00:00:00', 'stor_Nimbus.2011-04-30 00:00:00')",10.85464056
"('stor_New Melones.2011-03-31 00:00:00', 'stor_New Melones.2011-04-30 00:00:00')",1857.01200297
"('stor_Pine Flat.2011-03-31 00:00:00', 'stor_Pine Flat.2011-04-30 00:00:00')",1025.67864503
"('stor_Shasta.2011-04-30 00:00:00', 'stor_Shasta.2011-05-31 00:00:00')",5614.932874
"('stor_Keswick.2011-04-30 00:00:00', 'stor_Keswick.2011-05-31 00:00:00')",29.35686722
"('stor_Folsom.2011-04-30 00:00:00', 'stor_Folsom.2011-05-31 00:00:00')",1202.644809
"('stor_Nimbus.2011-04-30 00:00:00', 'stor_Nimbus.2011-05-31 00:00:00')",10.85464056
"('stor_New Melones.2011-04-30 00:00:00', 'stor_New Melones.2011-05-31 00:00:00')",2132.17932511
"('stor_Pine Flat.2011-04-30 00:00:00', 'stor_Pine Flat.2011-05-31 00:00:00')",856.300630255
"('stor_Shasta.2011-05-31 00:00:00', 'stor_Shasta.2011-06-30 00:00:00')",5614.932874
"('stor_Keswick.2011-05-31 00:00:00', 'stor_Keswick.2011-06-30 00:00:00')",29.35686722
"('stor_Folsom.2011-05-31 00:00:00', 'stor_Folsom.2011-06-30 00:00:00')",1202.644809
"('stor_Nimbus.2011-05-31 00:00:00', 'stor_Nimbus.2011-06-30 00:00:00')",10.85464056
"('stor_New Melones.2011-05-31 00:00:00', 'stor_New Melones.2011-06-30 00:00:00')",2493.46080318
"('stor_Pine Flat.2011-05-31 00:00:00', 'stor_Pine Flat.2011-06-30 00:00:00')",849.533252611
"('stor_Shasta.2011-06-30 00:00:00', 'stor_Shasta.2011-07-31 00:00:00')",5614.932874
"('stor_Keswick.2011-06-30 00:00:00', 'stor_Keswick.2011-07-31 00:00:00')",29.35686722
"('stor_Folsom.2011-06-30 00:00:00', 'stor_Folsom.2011-07-31 00:00:00')",1202.644809
"('stor_Nimbus.2011-06-30 00:00:00', 'stor_Nimbus.2011-07-31 00:00:00')",10.85464056
"('stor_New Melones.2011-06-30 00:00:00', 'stor_New Melones.2011-07-31 00:00:00')",2985.02609
"('stor_Pine Flat.2011-06-30 00:00:00', 'stor_Pine Flat.2011-07-31 00:00:00')",1233.481855
"('stor_Shasta.2011-07-31 00:00:00', 'stor_Shasta.2011-08-31 00:00:00')",5614.932874
"('stor_Keswick.2011-07-31 00:00:00', 'stor_Keswick.2011-08-31 00:00:00')",29.35686722
"('stor_Folsom.2011-07-31 00:00:00', 'stor_Folsom.2011-08-31 00:00:00')",1202.644809
"('stor_Nimbus.2011-07-31 00:00:00', 'stor_Nimbus.2011-08-31 00:00:00')",10.85464056
"('stor_New Melones.2011-07-31 00:00:00', 'stor_New Melones.2011-08-31 00:00:00')",2985.02609
"('stor_Pine Flat.2011-07-31 00:00:00', 'stor_Pine Flat.2011-08-31 00:00:00')",1233.481855
"('stor_Shasta.2011-08-31 00:00:00', 'stor_Shasta.2011-09-30 00:00:00')",5614.932874
"('stor_Keswick.2011-08-31 00:00:00', 'stor_Keswick.2011-09-30 00:00:00')",29.35686722
"('stor_Folsom.2011-08-31 00:00:00', 'stor_Folsom.2011-09-30 00:00:00')",1202.644809
"('stor_Nimbus.2011-08-31 00:00:00', 'stor_Nimbus.2011-09-30 00:00:00')",10.85464056
"('stor_New Melones.2011-08-31 00:00:00', 'stor_New Melones.2011-09-30 00:00:00')",2985.02609
"('stor_Pine Flat.2011-08-31 00:00:00', 'stor_Pine Flat.2011-09-30 00:00:00')",1233.481855
"('stor_Shasta.2011-09-30 00:00:00', 'stor_Shasta.2011-10-31 00:00:00')",5315.49952023
"('stor_Keswick.2011-09-30 00:00:00', 'stor_Keswick.2011-10-31 00:00:00')",29.35686722
"('stor_Folsom.2011-09-30 00:00:00', 'stor_Folsom.2011-10-31 00:00:00')",1202.644809
"('stor_Nimbus.2011-09-30 00:00:00', 'stor_Nimbus.2011-10-31 00:00:00')",10.85464056
"('stor_New Melones.2011-09-30 00:00:00', 'stor_New Melones.2011-10-31 00:00:00')",2503.48698126
"('stor_Pine Flat.2011-09-30 00:00:00', 'stor_Pine Flat.2011-10-31 00:00:00')",1166.66567648
"('stor_Shasta.2011-10-31 00:00:00', 'stor_Shasta.2011-11-30 00:00:00')",5614.932874
"('stor_Keswick.2011-10-31 00:00:00', 'stor_Keswick.2011-11-30 00:00:00')",29.35686722
"('stor_Folsom.2011-10-31 00:00:00', 'stor_Folsom.2011-11-30 00:00:00')",1202.644809
"('stor_Nimbus.2011-10-31 00:00:00', 'stor_Nimbus.2011-11-30 00:00:00')",10.85464056
"('stor_New Melones.2011-10-31 00:00:00', 'stor_New Melones.2011-11-30 00:00:00')",2578.08247897
"('stor_Pine Flat.2011-10-31 00:00:00', 'stor_Pine Flat.2011-11-30 00:00:00')",1233.481855
"('stor_Shasta.2011-11-30 00:00:00', 'stor_Shasta.2011-12-31 00:00:00')",5614.932874
"('stor_Keswick.2011-11-30 00:00:00', 'stor_Keswick.2011-12-31 00:00:00')",29.35686722
"('stor_Folsom.2011-11-30 00:00:00', 'stor_Folsom.2011-12-31 00:00:00')",1202.644809
"('stor_Nimbus.2011-11-30 00:00:00', 'stor_Nimbus.2011-12-31 00:00:00')",10.85464056
"('stor_New Melones.2011-11-30 00:00:00', 'stor_New Melones.2011-12-31 00:00:00')",2367.64308413
"('stor_Pine Flat.2011-11-30 00:00:00', 'stor_Pine Flat.2011-12-31 00:00:00')",1233.481855
"('stor_Shasta.2011-12-31 00:00:00', 'stor_Shasta.2012-01-31 00:00:00')",5614.932874
"('stor_Keswick.2011-12-31 00:00:00', 'stor_Keswick.2012-01-31 00:00:00')",29.35686722
"('stor_Folsom.2011-12-31 00:00:00', 'stor_Folsom.2012-01-31 00:00:00')",1202.644809
"('stor_Nimbus.2011-12-31 00:00:00', 'stor_Nimbus.2012-01-31 00:00:00')",10.85464056
"('stor_New Melones.2011-12-31 00:00:00', 'stor_New Melones.2012-01-31 00:00:00')",2460.38285352
"('stor_Pine Flat.2011-12-31 00:00:00', 'stor_Pine Flat.2012-01-31 00:00:00')",1233.481855
"('stor_Shasta.2012-01-31 00:00:00', 'stor_Shasta.2012-03-31 00:00:00')",3179.20761795
"('stor_Keswick.2012-01-31 00:00:00', 'stor_Keswick.2012-03-31 00:00:00')",29.35686722
"('stor_Folsom.2012-01-31 00:00:00', 'stor_Folsom.2012-03-31 00:00:00')",1202.644809
"('stor_Nimbus.2012-01-31 00:00:00', 'stor_Nimbus.2012-03-31 00:00:00')",10.85464056
"('stor_New Melones.2012-01-31 00:00:00', 'stor_New Melones.2012-03-31 00:00:00')",2546.63197434
"('stor_Pine Flat.2012-01-31 00:00:00', 'stor_Pine Flat.2012-03-31 00:00:00')",717.881065874
"('stor_Shasta.2012-03-31 00:00:00', 'stor_Shasta.2012-04-30 00:00:00')",4169.69199223
"('stor_Keswick.2012-03-31 00:00:00', 'stor_Keswick.2012-04-30 00:00:00')",29.35686722
"('stor_Folsom.2012-03-31 00:00:00', 'stor_Folsom.2012-04-30 00:00:00')",1202.644809
"('stor_Nimbus.2012-03-31 00:00:00', 'stor_Nimbus.2012-04-30 00:00:00')",10.85464056
"('stor_New Melones.2012-03-31 00:00:00', 'stor_New Melones.2012-04-30 00:00:00')",2646.19512337
"('stor_Pine Flat.2012-03-31 00:00:00', 'stor_Pine Flat.2012-04-30 00:00:00')",794.298086399
"('stor_Shasta.2012-04-30 00:00:00', 'stor_Shasta.2012-05-31 00:00:00')",5114.485615
"('stor_Keswick.2012-04-30 00:00:00', 'stor_Keswick.2012-05-31 00:00:00')",29.35686722
"('stor_Folsom.2012-04-30 00:00:00', 'stor_Folsom.2012-05-31 00:00:00')",1202.644809
"('stor_Nimbus.2012-04-30 00:00:00', 'stor_Nimbus.2012-05-31 00:00:00')",10.85464056
"('stor_New Melones.2012-04-30 00:00:00', 'stor_New Melones.2012-05-31 00:00:00')",2772.1866323
"('stor_Pine Flat.2012-04-30 00:00:00', 'stor_Pine Flat.2012-05-31 00:00:00')",999.406572743
"('stor_Shasta.2012-05-31 00:00:00', 'stor_Shasta.2012-06-30 00:00:00')",5614.932874
"('stor_Keswick.2012-05-31 00:00:00', 'stor_Keswick.2012-06-30 00:00:00')",29.35686722
"('stor_Folsom.2012-05-31 00:00:00', 'stor_Folsom.2012-06-30 00:00:00')",1202.644809
"('stor_Nimbus.2012-05-31 00:00:00', 'stor_Nimbus.2012-06-30 00:00:00')",10.85464056
"('stor_New Melones.2012-05-31 00:00:00', 'stor_New Melones.2012-06-30 00:00:00')",2857.95785276
"('stor_Pine Flat.2012-05-31 00:00:00', 'stor_Pine Flat.2012-06-30 00:00:00')",1233.481855
"('stor_Shasta.2012-06-30 00:00:00', 'stor_Shasta.2012-07-31 00:00:00')",5614.932874
"('stor_Keswick.2012-06-30 00:00:00', 'stor_Keswick.2012-07-31 00:00:00')",29.35686722
"('stor_Folsom.2012-06-30 00:00:00', 'stor_Folsom.2012-07-31 00:00:00')",1202.644809
"('stor_Nimbus.2012-06-30 00:00:00', 'stor_Nimbus.2012-07-31 00:00:00')",10.85464056
"('stor_New Melones.2012-06-30 00:00:00', 'stor_New Melones.2012-07-31 00:00:00')",2925.61869178
"('stor_Pine Flat.2012-06-30 00:00:00', 'stor_Pine Flat.2012-07-31 00:00:00')",1233.481855
"('stor_Shasta.2012-07-31 00:00:00', 'stor_Shasta.2012-08-31 00:00:00')",5614.932874
"('stor_Keswick.2012-07-31 00:00:00', 'stor_Keswick.2012-08-31 00:00:00')",29.35686722
"('stor_Folsom.2012-07-31 00:00:00', 'stor_Folsom.2012-08-31 00:00:00')",1202.644809
"('stor_Nimbus.2012-07-31 00:00:00', 'stor_Nimbus.2012-08-31 00:00:00')",10.85464056
"('stor_New Melones.2012-07-31 00:00:00', 'stor_New Melones.2012-08-31 00:00:00')",2985.02609
"('stor_Pine Flat.2012-07-31 00:00:00', 'stor_Pine Flat.2012-08-31 00:00:00')",1233.481855
"('stor_Shasta.2012-08-31 00:00:00', 'stor_Shasta.2012-09-30 00:00:00')",5614.932874
"('stor_Keswick.2012-08-31 00:00:00', 'stor_Keswick.2012-09-30 00:00:00')",29.35686722
"('stor_Folsom.2012-08-31 00:00:00', 'stor_Folsom.2012-09-30 00:00:00')",1202.644809
"('stor_Nimbus.2012-08-31 00:00:00', 'stor_Nimbus.2012-09-30 00:00:00')",10.85464056
"('stor_New Melones.2012-08-31 00:00:00', 'stor_New Melones.2012-09-30 00:00:00')",2985.02609
"('stor_Pine Flat.2012-08-31 00:00:00', 'stor_Pine Flat.2012-09-30 00:00:00')",1233.481855
"('stor_Shasta.2012-09-30 00:00:00', 'stor_Shasta.2012-10-31 00:00:00')",5614.932874
"('stor_Keswick.2012-09-30 00:00:00', 'stor_Keswick.2012-10-31 00:00:00')",29.35686722
"('stor_Folsom.2012-09-30 00:00:00', 'stor_Folsom.2012-10-31 00:00:00')",1202.644809
"('stor_Nimbus.2012-09-30 00:00:00', 'stor_Nimbus.2012-10-31 00:00:00')",10.85464056
"('stor_New Melones.2012-09-30 00:00:00', 'stor_New Melones.2012-10-31 00:00:00')",2985.02609
"('stor_Pine Flat.2012-09-30 00:00:00', 'stor_Pine Flat.2012-10-31 00:00:00')",1233.481855
"('stor_Shasta.2012-10-31 00:00:00', 'stor_Shasta.2012-11-30 00:00:00')",5614.932874
"('stor_Keswick.2012-10-31 00:00:00', 'stor_Keswick.2012-11-30 00:00:00')",29.35686722
"('stor_Folsom.2012-10-31 00:00:00', 'stor_Folsom.2012-11-30 00:00:00')",1202.644809
"('stor_Nimbus.2012-10-31 00:00:00', 'stor_Nimbus.2012-11-30 00:00:00')",10.85464056
"('stor_New Melones.2012-10-31 00:00:00', 'stor_New Melones.2012-11-30 00:00:00')",2985.02609
"('stor_Pine Flat.2012-10-31 00:00:00', 'stor_Pine Flat.2012-11-30 00:00:00')",1233.481855
"('stor_Shasta.2012-11-30 00:00:00', 'stor_Shasta.2012-12-31 00:00:00')",5614.932874
"('stor_Keswick.2012-11-30 00:00:00', 'stor_Keswick.2012-12-31 00:00:00')",29.35686722
"('stor_Folsom.2012-11-30 00:00:00', 'stor_Folsom.2012-12-31 00:00:00')",1202.644809
"('stor_Nimbus.2012-11-30 00:00:00', 'stor_Nimbus.2012-12-31 00:00:00')",10.85464056
"('stor_New Melones.2012-11-30 00:00:00', 'stor_New Melones.2012-12-31 00:00:00')",2866.74204773
"('stor_Pine Flat.2012-11-30 00:00:00', 'stor_Pine Flat.2012-12-31 00:00:00')",1233.481855
"('stor_Shasta.2012-12-31 00:00:00', 'stor_Shasta.2013-01-31 00:00:00')",5614.932874
"('stor_Keswick.2012-12-31 00:00:00', 'stor_Keswick.2013-01-31 00:00:00')",29.35686722
"('stor_Folsom.2012-12-31 00:00:00', 'stor_Folsom.2013-01-31 00:00:00')",1202.644809
"('stor_Nimbus.2012-12-31 00:00:00', 'stor_Nimbus.2013-01-31 00:00:00')",10.85464056
"('stor_New Melones.2012-12-31 00:00:00', 'stor_New Melones.2013-01-31 00:00:00')",2985.02609
"('stor_Pine Flat.2012-12-31 00:00:00', 'stor_Pine Flat.2013-01-31 00:00:00')",1233.481855
"('stor_Shasta.2013-01-31 00:00:00', 'stor_Shasta.2013-02-28 00:00:00')",5614.932874
"('stor_Keswick.2013-01-31 00:00:00', 'stor_Keswick.2013-02-28 00:00:00')",29.35686722
"('stor_Folsom.2013-01-31 00:00:00', 'stor_Folsom.2013-02-28 00:00:00')",1202.644809
"('stor_Nimbus.2013-01-31 00:00:00', 'stor_Nimbus.2013-02-28 00:00:00')",10.85464056
"('stor_New Melones.2013-01-31 00:00:00', 'stor_New Melones.2013-02-28 00:00:00')",2985.02609
"('stor_Pine Flat.2013-01-31 00:00:00', 'stor_Pine Flat.2013-02-28 00:00:00')",1233.481855
"('stor_Shasta.2013-02-28 00:00:00', 'stor_Shasta.2013-03-31 00:00:00')",5614.932874
"('stor_Keswick.2013-02-28 00:00:00', 'stor_Keswick.2013-03-31 00:00:00')",29.35686722
"('stor_Folsom.2013-02-28 00:00:00', 'stor_Folsom.2013-03-31 00:00:00')",1202.644809
"('stor_Nimbus.2013-02-28 00:00:00', 'stor_Nimbus.2013-03-31 00:00:00')",10.85464056
"('stor_New Melones.2013-02-28 00:00:00', 'stor_New Melones.2013-03-31 00:00:00')",2985.02609
"('stor_Pine Flat.2013-02-28 00:00:00', 'stor_Pine Flat.2013-03-31 00:00:00')",1233.481855
"('stor_Shasta.2013-03-31 00:00:00', 'stor_Shasta.2013-04-30 00:00:00')",5614.932874
"('stor_Keswick.2013-03-31 00:00:00', 'stor_Keswick.2013-04-30 00:00:00')",29.35686722
"('stor_Folsom.2013-03-31 00:00:00', 'stor_Folsom.2013-04-30 00:00:00')",1202.644809
"('stor_Nimbus.2013-03-31 00:00:00', 'stor_Nimbus.2013-04-30 00:00:00')",10.85464056
"('stor_New Melones.2013-03-31 00:00:00', 'stor_New Melones.2013-04-30 00:00:00')",2900.24940804
"('stor_Pine Flat.2013-03-31 00:00:00', 'stor_Pine Flat.2013-04-30 00:00:00')",1233.481855
"('stor_Shasta.2013-04-30 00:00:00', 'stor_Shasta.2013-05-31 00:00:00')",5614.932874
"('stor_Keswick.2013-04-30 00:00:00', 'stor_Keswick.2013-05-31 00:00:00')",29.35686722
"('stor_Folsom.2013-04-30 00:00:00', 'stor_Folsom.2013-05-31 00:00:00')",1202.644809
"('stor_Nimbus.2013-04-30 00:00:00', 'stor_Nimbus.2013-05-31 00:00:00')",10.85464056
"('stor_New Melones.2013-04-30 00:00:00', 'stor_New Melones.2013-05-31 00:00:00')",2985.02609
"('stor_Pine Flat.2013-04-30 00:00:00', 'stor_Pine Flat.2013-05-31 00:00:00')",1233.481855
"('stor_Shasta.2013-05-31 00:00:00', 'stor_Shasta.2013-06-30 00:00:00')",5614.932874
"('stor_Keswick.2013-05-31 00:00:00', 'stor_Keswick.2013-06-30 00:00:00')",29.35686722
"('stor_Folsom.2013-05-31 00:00:00', 'stor_Folsom.2013-06-30 00:00:00')",1202.644809
"('stor_Nimbus.2013-05-31 00:00:00', 'stor_Nimbus.2013-06-30 00:00:00')",10.85464056
"('stor_New Melones.2013-05-31 00:00:00', 'stor_New Melones.2013-06-30 00:00:00')",2985.02609
"('stor_Pine Flat.2013-05-31 00:00:00', 'stor_Pine Flat.2013-06-30 00:00:00')",1233.481855
"('stor_Shasta.2013-06-30 00:00:00', 'stor_Shasta.2013-07-31 00:00:00')",5614.932874
"('stor_Keswick.2013-06-30 00:00:00', 'stor_Keswick.2013-07-31 00:00:00')",29.35686722
"('stor_Folsom.2013-06-30 00:00:00', 'stor_Folsom.2013-07-31 00:00:00')",1202.644809
"('stor_Nimbus.2013-06-30 00:00:00', 'stor_Nimbus.2013-07-31 00:00:00')",10.85464056
"('stor_New Melones.2013-06-30 00:00:00', 'stor_New Melones.2013-07-31 00:00:00')",2985.02609
"('stor_Pine Flat.2013-06-30 00:00:00', 'stor_Pine Flat.2013-07-31 00:00:00')",1233.481855
"('stor_Shasta.2013-07-31 00:00:00', 'stor_Shasta.2013-08-31 00:00:00')",5614.932874
"('stor_Keswick.2013-07-31 00:00:00', 'stor_Keswick.2013-08-31 00:00:00')",29.35686722
"('stor_Folsom.2013-07-31 00:00:00', 'stor_Folsom.2013-08-31 00:00:00')",1202.644809
"('stor_Nimbus.2013-07-31 00:00:00', 'stor_Nimbus.2013-08-31 00:00:00')",10.85464056
"('stor_New Melones.2013-07-31 00:00:00', 'stor_New Melones.2013-08-31 00:00:00')",2985.02609
"('stor_Pine Flat.2013-07-31 00:00:00', 'stor_Pine Flat.2013-08-31 00:00:00')",1233.481855
"('stor_Shasta.2013-08-31 00:00:00', 'stor_Shasta.2013-09-30 00:00:00')",5614.932874
"('stor_Keswick.2013-08-31 00:00:00', 'stor_Keswick.2013-09-30 00:00:00')",29.35686722
"('stor_Folsom.2013-08-31 00:00:00', 'stor_Folsom.2013-09-30 00:00:00')",1202.644809
"('stor_Nimbus.2013-08-31 00:00:00', 'stor_Nimbus.2013-09-30 00:00:00')",10.85464056
"('stor_New Melones.2013-08-31 00:00:00', 'stor_New Melones.2013-09-30 00:00:00')",2932.72764791
"('stor_Pine Flat.2013-08-31 00:00:00', 'stor_Pine Flat.2013-09-30 00:00:00')",1233.481855
"('stor_Shasta.2013-09-30 00:00:00', 'stor_Shasta.2013-10-31 00:00:00')",5614.932874
"('stor_Keswick.2013-09-30 00:00:00', 'stor_Keswick.2013-10-31 00:00:00')",29.35686722
"('stor_Folsom.2013-09-30 00:00:00', 'stor_Folsom.2013-10-31 00:00:00')",1202.644809
"('stor_Nimbus.2013-09-30 00:00:00', 'stor_Nimbus.2013-10-31 00:00:00')",10.85464056
"('stor_New Melones.2013-09-30 00:00:00', 'stor_New Melones.2013-10-31 00:00:00')",2985.02609
"('stor_Pine Flat.2013-09-30 00:00:00', 'stor_Pine Flat.2013-10-31 00:00:00')",1233.481855
"('stor_Shasta.2013-10-31 00:00:00', 'stor_Shasta.2013-11-30 00:00:00')",5614.932874
"('stor_Keswick.2013-10-31 00:00:00', 'stor_Keswick.2013-11-30 00:00:00')",29.35686722
"('stor_Folsom.2013-10-31 00:00:00', 'stor_Folsom.2013-11-30 00:00:00')",1202.644809
"('stor_Nimbus.2013-10-31 00:00:00', 'stor_Nimbus.2013-11-30 00:00:00')",10.85464056
"('stor_New Melones.2013-10-31 00:00:00', 'stor_New Melones.2013-11-30 00:00:00')",2985.02609
"('stor_Pine Flat.2013-10-31 00:00:00', 'stor_Pine Flat.2013-11-30 00:00:00')",1233.481855
"('stor_Shasta.2013-11-30 00:00:00', 'stor_Shasta.2013-12-31 00:00:00')",5614.932874
"('stor_Keswick.2013-11-30 00:00:00', 'stor_Keswick.2013-12-31 00:00:00')",29.35686722
"('stor_Folsom.2013-11-30 00:00:00', 'stor_Folsom.2013-12-31 00:00:00')",1202.644809
"('stor_Nimbus.2013-11-30 00:00:00', 'stor_Nimbus.2013-12-31 00:00:00')",10.85464056
"('stor_New Melones.2013-11-30 00:00:00', 'stor_New Melones.2013-12-31 00:00:00')",2985.02609
"('stor_Pine Flat.2013-11-30 00:00:00', 'stor_Pine Flat.2013-12-31 00:00:00')",1233.481855
"('stor_Shasta.2013-12-31 00:00:00', 'stor_Shasta.2014-01-31 00:00:00')",5366.69628461
"('stor_Keswick.2013-12-31 00:00:00', 'stor_Keswick.2014-01-31 00:00:00')",29.35686722
"('stor_Folsom.2013-12-31 00:00:00', 'stor_Folsom.2014-01-31 00:00:00')",1202.644809
"('stor_Nimbus.2013-12-31 00:00:00', 'stor_Nimbus.2014-01-31 00:00:00')",10.85464056
"('stor_New Melones.2013-12-31 00:00:00', 'stor_New Melones.2014-01-31 00:00:00')",2947.3625336
"('stor_Pine Flat.2013-12-31 00:00:00', 'stor_Pine Flat.2014-01-31 00:00:00')",1233.481855
"('stor_Shasta.2014-01-31 00:00:00', 'stor_Shasta.2014-02-28 00:00:00')",5614.932874
"('stor_Keswick.2014-01-31 00:00:00', 'stor_Keswick.2014-02-28 00:00:00')",29.35686722
"('stor_Folsom.2014-01-31 00:00:00', 'stor_Folsom.2014-02-28 00:00:00')",1202.644809
"('stor_Nimbus.2014-01-31 00:00:00', 'stor_Nimbus.2014-02-28 00:00:00')",10.85464056
"('stor_New Melones.2014-01-31 00:00:00', 'stor_New Melones.2014-02-28 00:00:00')",2985.02609
"('stor_Pine Flat.2014-01-31 00:00:00', 'stor_Pine Flat.2014-02-28 00:00:00')",1233.481855
"('stor_Shasta.2014-02-28 00:00:00', 'stor_Shasta.2014-03-31 00:00:00')",4006.34201419
"('stor_Keswick.2014-02-28 00:00:00', 'stor_Keswick.2014-03-31 00:00:00')",29.35686722
"('stor_Folsom.2014-02-28 00:00:00', 'stor_Folsom.2014-03-31 00:00:00')",1202.644809
"('stor_Nimbus.2014-02-28 00:00:00', 'stor_Nimbus.2014-03-31 00:00:00')",10.85464056
"('stor_New Melones.2014-02-28 00:00:00', 'stor_New Melones.2014-03-31 00:00:00')",2458.35602494
"('stor_Pine Flat.2014-02-28 00:00:00', 'stor_Pine Flat.2014-03-31 00:00:00')",810.429875291
"('stor_Shasta.2014-03-31 00:00:00', 'stor_Shasta.2014-04-30 00:00:00')",4688.14437463
"('stor_Keswick.2014-03-31 00:00:00', 'stor_Keswick.2014-04-30 00:00:00')",29.35686722
"('stor_Folsom.2014-03-31 00:00:00', 'stor_Folsom.2014-04-30 00:00:00')",1202.644809
"('stor_Nimbus.2014-03-31 00:00:00', 'stor_Nimbus.2014-04-30 00:00:00')",10.85464056
"('stor_New Melones.2014-03-31 00:00:00', 'stor_New Melones.2014-04-30 00:00:00')",2511.6741831
"('stor_Pine Flat.2014-03-31 00:00:00', 'stor_Pine Flat.2014-04-30 00:00:00')",857.648353491
"('stor_Shasta.2014-04-30 00:00:00', 'stor_Shasta.2014-05-31 00:00:00')",5140.75115883
"('stor_Keswick.2014-04-30 00:00:00', 'stor_Keswick.2014-05-31 00:00:00')",29.35686722
"('stor_Folsom.2014-04-30 00:00:00', 'stor_Folsom.2014-05-31 00:00:00')",1202.644809
"('stor_Nimbus.2014-04-30 00:00:00', 'stor_Nimbus.2014-05-31 00:00:00')",10.85464056
"('stor_New Melones.2014-04-30 00:00:00', 'stor_New Melones.2014-05-31 00:00:00')",2571.49212704
"('stor_Pine Flat.2014-04-30 00:00:00', 'stor_Pine Flat.2014-05-31 00:00:00')",978.589449251
"('stor_Shasta.2014-05-31 00:00:00', 'stor_Shasta.2014-06-30 00:00:00')",5395.86936364
"('stor_Keswick.2014-05-31 00:00:00', 'stor_Keswick.2014-06-30 00:00:00')",29.35686722
"('stor_Folsom.2014-05-31 00:00:00', 'stor_Folsom.2014-06-30 00:00:00')",1202.644809
"('stor_Nimbus.2014-05-31 00:00:00', 'stor_Nimbus.2014-06-30 00:00:00')",10.85464056
"('stor_New Melones.2014-05-31 00:00:00', 'stor_New Melones.2014-06-30 00:00:00')",2627.6606688
"('stor_Pine Flat.2014-05-31 00:00:00', 'stor_Pine Flat.2014-06-30 00:00:00')",1154.05005418
"('stor_Shasta.2014-06-30 00:00:00', 'stor_Shasta.2014-07-31 00:00:00')",5614.932874
"('stor_Keswick.2014-06-30 00:00:00', 'stor_Keswick.2014-07-31 00:00:00')",29.35686722
"('stor_Folsom.2014-06-30 00:00:00', 'stor_Folsom.2014-07-31 00:00:00')",1202.644809
"('stor_Nimbus.2014-06-30 00:00:00', 'stor_Nimbus.2014-07-31 00:00:00')",10.85464056
"('stor_New Melones.2014-06-30 00:00:00', 'stor_New Melones.2014-07-31 00:00:00')",2677.51257034
"('stor_Pine Flat.2014-06-30 00:00:00', 'stor_Pine Flat.2014-07-31 00:00:00')",1233.481855
"('stor_Shasta.2014-07-31 00:00:00', 'stor_Shasta.2014-08-31 00:00:00')",5614.932874
"('stor_Keswick.2014-07-31 00:00:00', 'stor_Keswick.2014-08-31 00:00:00')",29.35686722
"('stor_Folsom.2014-07-31 00:00:00', 'stor_Folsom.2014-08-31 00:00:00')",1202.644809
"('stor_Nimbus.2014-07-31 00:00:00', 'stor_Nimbus.2014-08-31 00:00:00')",10.85464056
"('stor_New Melones.2014-07-31 00:00:00', 'stor_New Melones.2014-08-31 00:00:00')",2721.67181896
"('stor_Pine Flat.2014-07-31 00:00:00', 'stor_Pine Flat.2014-08-31 00:00:00')",1233.481855
"('stor_Shasta.2014-08-31 00:00:00', 'stor_Shasta.2014-09-30 00:00:00')",5614.932874
"('stor_Keswick.2014-08-31 00:00:00', 'stor_Keswick.2014-09-30 00:00:00')",29.35686722
"('stor_Folsom.2014-08-31 00:00:00', 'stor_Folsom.2014-09-30 00:00:00')",1202.644809
"('stor_Nimbus.2014-08-31 00:00:00', 'stor_Nimbus.2014-09-30 00:00:00')",10.85464056
"('stor_New Melones.2014-08-31 00:00:00', 'stor_New Melones.2014-09-30 00:00:00')",2761.05098679
"('stor_Pine Flat.2014-08-31 00:00:00', 'stor_Pine Flat.2014-09-30 00:00:00')",1233.481855
"('stor_Shasta.2014-09-30 00:00:00', 'stor_Shasta.2014-10-31 00:00:00')",5614.932874
"('stor_Keswick.2014-09-30 00:00:00', 'stor_Keswick.2014-10-31 00:00:00')",29.35686722
"('stor_Folsom.2014-09-30 00:00:00', 'stor_Folsom.2014-10-31 00:00:00')",1202.644809
"('stor_Nimbus.2014-09-30 00:00:00', 'stor_Nimbus.2014-10-31 00:00:00')",10.85464056
"('stor_New Melones.2014-09-30 00:00:00', 'stor_New Melones.2014-10-31 00:00:00')",2796.17772992
"('stor_Pine Flat.2014-09-30 00:00:00', 'stor_Pine Flat.2014-10-31 00:00:00')",1233.481855
"('stor_Shasta.2014-10-31 00:00:00', 'stor_Shasta.2014-11-30 00:00:00')",5614.932874
"('stor_Keswick.2014-10-31 00:00:00', 'stor_Keswick.2014-11-30 00:00:00')",29.35686722
"('stor_Folsom.2014-10-31 00:00:00', 'stor_Folsom.2014-11-30 00:00:00')",1202.644809
"('stor_Nimbus.2014-10-31 00:00:00', 'stor_Nimbus.2014-11-30 00:00:00')",10.85464056
"('stor_New Melones.2014-10-31 00:00:00', 'stor_New Melones.2014-11-30 00:00:00')",2836.55404417
"('stor_Pine Flat.2014-10-31 00:00:00', 'stor_Pine Flat.2014-11-30 00:00:00')",1233.481855
"('stor_Shasta.2014-11-30 00:00:00', 'stor_Shasta.2014-12-31 00:00:00')",4506.57501655
"('stor_Keswick.2014-11-30 00:00:00', 'stor_Keswick.2014-12-31 00:00:00')",29.35686722
"('stor_Folsom.2014-11-30 00:00:00', 'stor_Folsom.2014-12-31 00:00:00')",1202.644809
"('stor_Nimbus.2014-11-30 00:00:00', 'stor_Nimbus.2014-12-31 00:00:00')",10.85464056
"('stor_New Melones.2014-11-30 00:00:00', 'stor_New Melones.2014-12-31 00:00:00')",2663.77120732
"('stor_Pine Flat.2014-11-30 00:00:00', 'stor_Pine Flat.2014-12-31 00:00:00')",1210.40043466
"('stor_Shasta.2014-12-31 00:00:00', 'stor_Shasta.2015-01-31 00:00:00')",5614.932874
"('stor_Keswick.2014-12-31 00:00:00', 'stor_Keswick.2015-01-31 00:00:00')",29.35686722
"('stor_Folsom.2014-12-31 00:00:00', 'stor_Folsom.2015-01-31 00:00:00')",1202.644809
"('stor_Nimbus.2014-12-31 00:00:00', 'stor_Nimbus.2015-01-31 00:00:00')",10.85464056
"('stor_New Melones.2014-12-31 00:00:00', 'stor_New Melones.2015-01-31 00:00:00')",2725.56062291
"('stor_Pine Flat.2014-12-31 00:00:00', 'stor_Pine Flat.2015-01-31 00:00:00')",1233.481855
"('stor_Shasta.2015-01-31 00:00:00', 'stor_Shasta.2015-02-28 00:00:00')",4656.72793443
"('stor_Keswick.2015-01-31 00:00:00', 'stor_Keswick.2015-02-28 00:00:00')",29.35686722
"('stor_Folsom.2015-01-31 00:00:00', 'stor_Folsom.2015-02-28 00:00:00')",1202.644809
"('stor_Nimbus.2015-01-31 00:00:00', 'stor_Nimbus.2015-02-28 00:00:00')",10.85464056
"('stor_New Melones.2015-01-31 00:00:00', 'stor_New Melones.2015-02-28 00:00:00')",2779.19821458
"('stor_Pine Flat.2015-01-31 00:00:00', 'stor_Pine Flat.2015-02-28 00:00:00')",1184.33620602
"('stor_Shasta.2015-02-28 00:00:00', 'stor_Shasta.2015-03-31 00:00:00')",5614.932874
"('stor_Keswick.2015-02-28 00:00:00', 'stor_Keswick.2015-03-31 00:00:00')",29.35686722
"('stor_Folsom.2015-02-28 00:00:00', 'stor_Folsom.2015-03-31 00:00:00')",1202.644809
"('stor_Nimbus.2015-02-28 00:00:00', 'stor_Nimbus.2015-03-31 00:00:00')",10.85464056
"('stor_New Melones.2015-02-28 00:00:00', 'stor_New Melones.2015-03-31 00:00:00')",2862.65245291
"('stor_Pine Flat.2015-02-28 00:00:00', 'stor_Pine Flat.2015-03-31 00:00:00')",1233.481855
"('stor_Shasta.2015-03-31 00:00:00', 'stor_Shasta.2015-04-30 00:00:00')",5614.932874
"('stor_Keswick.2015-03-31 00:00:00', 'stor_Keswick.2015-04-30 00:00:00')",29.35686722
"('stor_Folsom.2015-03-31 00:00:00', 'stor_Folsom.2015-04-30 00:00:00')",1202.644809
"('stor_Nimbus.2015-03-31 00:00:00', 'stor_Nimbus.2015-04-30 00:00:00')",10.85464056
"('stor_New Melones.2015-03-31 00:00:00', 'stor_New Melones.2015-04-30 00:00:00')",2910.47302451
"('stor_Pine Flat.2015-03-31 00:00:00', 'stor_Pine Flat.2015-04-30 00:00:00')",1233.481855
"('stor_Shasta.2015-04-30 00:00:00', 'stor_Shasta.2015-05-31 00:00:00')",5614.932874
"('stor_Keswick.2015-04-30 00:00:00', 'stor_Keswick.2015-05-31 00:00:00')",29.35686722
"('stor_Folsom.2015-04-30 00:00:00', 'stor_Folsom.2015-05-31 00:00:00')",1202.644809
"('stor_Nimbus.2015-04-30 00:00:00', 'stor_Nimbus.2015-05-31 00:00:00')",10.85464056
"('stor_New Melones.2015-04-30 00:00:00', 'stor_New Melones.2015-05-31 00:00:00')",2946.68942936
"('stor_Pine Flat.2015-04-30 00:00:00', 'stor_Pine Flat.2015-05-31 00:00:00')",1233.481855
"('stor_Shasta.2015-05-31 00:00:00', 'stor_Shasta.2015-06-30 00:00:00')",5614.932874
"('stor_Keswick.2015-05-31 00:00:00', 'stor_Keswick.2015-06-30 00:00:00')",29.35686722
"('stor_Folsom.2015-05-31 00:00:00', 'stor_Folsom.2015-06-30 00:00:00')",1202.644809
"('stor_Nimbus.2015-05-31 00:00:00', 'stor_Nimbus.2015-06-30 00:00:00')",10.85464056
"('stor_New Melones.2015-05-31 00:00:00', 'stor_New Melones.2015-06-30 00:00:00')",2985.02609
"('stor_Pine Flat.2015-05-31 00:00:00', 'stor_Pine Flat.2015-06-30 00:00:00')",1233.481855
"('stor_Shasta.2015-06-30 00:00:00', 'stor_Shasta.2015-07-31 00:00:00')",5614.932874
"('stor_Keswick.2015-06-30 00:00:00', 'stor_Keswick.2015-07-31 00:00:00')",29.35686722
"('stor_Folsom.2015-06-30 00:00:00', 'stor_Folsom.2015-07-31 00:00:00')",1202.644809
"('stor_Nimbus.2015-06-30 00:00:00', 'stor_Nimbus.2015-07-31 00:00:00')",10.85464056
"('stor_New Melones.2015-06-30 00:00:00', 'stor_New Melones.2015-07-31 00:00:00')",2952.76986024
"('stor_Pine Flat.2015-06-30 00:00:00', 'stor_Pine Flat.2015-07-31 00:00:00')",1233.481855
"('stor_Shasta.2015-07-31 00:00:00', 'stor_Shasta.2015-08-31 00:00:00')",5614.932874
"('stor_Keswick.2015-07-31 00:00:00', 'stor_Keswick.2015-08-31 00:00:00')",29.35686722
"('stor_Folsom.2015-07-31 00:00:00', 'stor_Folsom.2015-08-31 00:00:00')",1202.644809
"('stor_Nimbus.2015-07-31 00:00:00', 'stor_Nimbus.2015-08-31 00:00:00')",10.85464056
"('stor_New Melones.2015-07-31 00:00:00', 'stor_New Melones.2015-08-31 00:00:00')",2985.02609
"('stor_Pine Flat.2015-07-31 00:00:00', 'stor_Pine Flat.2015-08-31 00:00:00')",1233.481855
"('stor_Shasta.2015-08-31 00:00:00', 'stor_Shasta.2015-09-30 00:00:00')",5614.932874
"('stor_Keswick.2015-08-31 00:00:00', 'stor_Keswick.2015-09-30 00:00:00')",29.35686722
"('stor_Folsom.2015-08-31 00:00:00', 'stor_Folsom.2015-09-30 00:00:00')",1202.644809
"('stor_Nimbus.2015-08-31 00:00:00', 'stor_Nimbus.2015-09-30 00:00:00')",10.85464056
"('stor_New Melones.2015-08-31 00:00:00', 'stor_New Melones.2015-09-30 00:00:00')",2985.02609
"('stor_Pine Flat.2015-08-31 00:00:00', 'stor_Pine Flat.2015-09-30 00:00:00')",1233.481855
"('stor_Shasta.2015-09-30 00:00:00', 'stor_Shasta.2015-10-31 00:00:00')",5614.932874
"('stor_Keswick.2015-09-30 00:00:00', 'stor_Keswick.2015-10-31 00:00:00')",29.35686722
"('stor_Folsom.2015-09-30 00:00:00', 'stor_Folsom.2015-10-31 00:00:00')",1202.644809
"('stor_Nimbus.2015-09-30 00:00:00', 'stor_Nimbus.2015-10-31 00:00:00')",10.85464056
"('stor_New Melones.2015-09-30 00:00:00', 'stor_New Melones.2015-10-31 00:00:00')",2653.65495866
"('stor_Pine Flat.2015-09-30 00:00:00', 'stor_Pine Flat.2015-10-31 00:00:00')",1233.481855
"('stor_Shasta.2015-10-31 00:00:00', 'stor_Shasta.2015-11-30 00:00:00')",5387.45686448
"('stor_Keswick.2015-10-31 00:00:00', 'stor_Keswick.2015-11-30 00:00:00')",29.35686722
"('stor_Folsom.2015-10-31 00:00:00', 'stor_Folsom.2015-11-30 00:00:00')",1202.644809
"('stor_Nimbus.2015-10-31 00:00:00', 'stor_Nimbus.2015-11-30 00:00:00')",10.85464056
"('stor_New Melones.2015-10-31 00:00:00', 'stor_New Melones.2015-11-30 00:00:00')",2136.70912556
"('stor_Pine Flat.2015-10-31 00:00:00', 'stor_Pine Flat.2015-11-30 00:00:00')",1209.4610154
"('stor_Shasta.2015-11-30 00:00:00', 'stor_Shasta.2015-12-31 00:00:00')",5614.932874
"('stor_Keswick.2015-11-30 00:00:00', 'stor_Keswick.2015-12-31 00:00:00')",29.35686722
"('stor_Folsom.2015-11-30 00:00:00', 'stor_Folsom.2015-12-31 00:00:00')",1202.644809
"('stor_Nimbus.2015-11-30 00:00:00', 'stor_Nimbus.2015-12-31 00:00:00')",10.85464056
"('stor_New Melones.2015-11-30 00:00:00', 'stor_New Melones.2015-12-31 00:00:00')",2218.19400308
"('stor_Pine Flat.2015-11-30 00:00:00', 'stor_Pine Flat.2015-12-31 00:00:00')",1233.481855
"('stor_Shasta.2015-12-31 00:00:00', 'stor_Shasta.2016-01-31 00:00:00')",5614.932874
"('stor_Keswick.2015-12-31 00:00:00', 'stor_Keswick.2016-01-31 00:00:00')",29.35686722
"('stor_Folsom.2015-12-31 00:00:00', 'stor_Folsom.2016-01-31 00:00:00')",1202.644809
"('stor_Nimbus.2015-12-31 00:00:00', 'stor_Nimbus.2016-01-31 00:00:00')",10.85464056
"('stor_New Melones.2015-12-31 00:00:00', 'stor_New Melones.2016-01-31 00:00:00')",2322.70810727
"('stor_Pine Flat.2015-12-31 00:00:00', 'stor_Pine Flat.2016-01-31 00:00:00')",1233.481855
"('stor_Shasta.2016-01-31 00:00:00', 'stor_Shasta.2016-03-31 00:00:00')",3046.15210149
"('stor_Keswick.2016-01-31 00:00:00', 'stor_Keswick.2016-03-31 00:00:00')",29.35686722
"('stor_Folsom.2016-01-31 00:00:00', 'stor_Folsom.2016-03-31 00:00:00')",367.183637786
"('stor_Nimbus.2016-01-31 00:00:00', 'stor_Nimbus.2016-03-31 00:00:00')",10.85464056
"('stor_New Melones.2016-01-31 00:00:00', 'stor_New Melones.2016-03-31 00:00:00')",2446.97468845
"('stor_Pine Flat.2016-01-31 00:00:00', 'stor_Pine Flat.2016-03-31 00:00:00')",866.878773822
"('stor_Shasta.2016-03-31 00:00:00', 'stor_Shasta.2016-04-30 00:00:00')",5002.96451452
"('stor_Keswick.2016-03-31 00:00:00', 'stor_Keswick.2016-04-30 00:00:00')",29.35686722
"('stor_Folsom.2016-03-31 00:00:00', 'stor_Folsom.2016-04-30 00:00:00')",1202.644809
"('stor_Nimbus.2016-03-31 00:00:00', 'stor_Nimbus.2016-04-30 00:00:00')",10.85464056
"('stor_New Melones.2016-03-31 00:00:00', 'stor_New Melones.2016-04-30 00:00:00')",2664.72032044
"('stor_Pine Flat.2016-03-31 00:00:00', 'stor_Pine Flat.2016-04-30 00:00:00')",1015.97093514
"('stor_Shasta.2016-04-30 00:00:00', 'stor_Shasta.2016-05-31 00:00:00')",5614.932874
"('stor_Keswick.2016-04-30 00:00:00', 'stor_Keswick.2016-05-31 00:00:00')",29.35686722
"('stor_Folsom.2016-04-30 00:00:00', 'stor_Folsom.2016-05-31 00:00:00')",1202.644809
"('stor_Nimbus.2016-04-30 00:00:00', 'stor_Nimbus.2016-05-31 00:00:00')",10.85464056
"('stor_New Melones.2016-04-30 00:00:00', 'stor_New Melones.2016-05-31 00:00:00')",2816.20891698
"('stor_Pine Flat.2016-04-30 00:00:00', 'stor_Pine Flat.2016-05-31 00:00:00')",1233.481855
"('stor_Shasta.2016-05-31 00:00:00', 'stor_Shasta.2016-06-30 00:00:00')",5614.932874
"('stor_Keswick.2016-05-31 00:00:00', 'stor_Keswick.2016-06-30 00:00:00')",29.35686722
"('stor_Folsom.2016-05-31 00:00:00', 'stor_Folsom.2016-06-30 00:00:00')",1202.644809
"('stor_Nimbus.2016-05-31 00:00:00', 'stor_Nimbus.2016-06-30 00:00:00')",10.85464056
"('stor_New Melones.2016-05-31 00:00:00', 'stor_New Melones.2016-06-30 00:00:00')",2985.02609
"('stor_Pine Flat.2016-05-31 00:00:00', 'stor_Pine Flat.2016-06-30 00:00:00')",1233.481855
"('stor_Shasta.2016-06-30 00:00:00', 'stor_Shasta.2016-07-31 00:00:00')",5614.932874
"('stor_Keswick.2016-06-30 00:00:00', 'stor_Keswick.2016-07-31 00:00:00')",29.35686722
"('stor_Folsom.2016-06-30 00:00:00', 'stor_Folsom.2016-07-31 00:00:00')",1202.644809
"('stor_Nimbus.2016-06-30 00:00:00', 'stor_Nimbus.2016-07-31 00:00:00')",10.85464056
"('stor_New Melones.2016-06-30 00:00:00', 'stor_New Melones.2016-07-31 00:00:00')",2985.02609
"('stor_Pine Flat.2016-06-30 00:00:00', 'stor_Pine Flat.2016-07-31 00:00:00')",1233.481855
"('stor_Shasta.2016-07-31 00:00:00', 'stor_Shasta.2016-08-31 00:00:00')",5614.932874
"('stor_Keswick.2016-07-31 00:00:00', 'stor_Keswick.2016-08-31 00:00:00')",29.35686722
"('stor_Folsom.2016-07-31 00:00:00', 'stor_Folsom.2016-08-31 00:00:00')",1202.644809
"('stor_Nimbus.2016-07-31 00:00:00', 'stor_Nimbus.2016-08-31 00:00:00')",10.85464056
"('stor_New Melones.2016-07-31 00:00:00', 'stor_New Melones.2016-08-31 00:00:00')",2985.02609
"('stor_Pine Flat.2016-07-31 00:00:00', 'stor_Pine Flat.2016-08-31 00:00:00')",1233.481855
"('stor_Shasta.2016-08-31 00:00:00', 'stor_Shasta.2016-09-30 00:00:00')",5614.932874
"('stor_Keswick.2016-08-31 00:00:00', 'stor_Keswick.2016-09-30 00:00:00')",29.35686722
"('stor_Folsom.2016-08-31 00:00:00', 'stor_Folsom.2016-09-30 00:00:00')",1202.644809
"('stor_Nimbus.2016-08-31 00:00:00', 'stor_Nimbus.2016-09-30 00:00:00')",10.85464056
"('stor_New Melones.2016-08-31 00:00:00', 'stor_New Melones.2016-09-30 00:00:00')",2985.02609
"('stor_Pine Flat.2016-08-31 00:00:00', 'stor_Pine Flat.2016-09-30 00:00:00')",1233.481855
"('stor_Shasta.2016-09-30 00:00:00', 'stor_Shasta.2016-10-31 00:00:00')",5614.932874
"('stor_Keswick.2016-09-30 00:00:00', 'stor_Keswick.2016-10-31 00:00:00')",29.35686722
"('stor_Folsom.2016-09-30 00:00:00', 'stor_Folsom.2016-10-31 00:00:00')",1202.644809
"('stor_Nimbus.2016-09-30 00:00:00', 'stor_Nimbus.2016-10-31 00:00:00')",10.85464056
"('stor_New Melones.2016-09-30 00:00:00', 'stor_New Melones.2016-10-31 00:00:00')",2985.02609
"('stor_Pine Flat.2016-09-30 00:00:00', 'stor_Pine Flat.2016-10-31 00:00:00')",1233.481855
"('stor_Shasta.2016-10-31 00:00:00', 'stor_Shasta.2016-11-30 00:00:00')",5097.6018298
"('stor_Keswick.2016-10-31 00:00:00', 'stor_Keswick.2016-11-30 00:00:00')",29.35686722
"('stor_Folsom.2016-10-31 00:00:00', 'stor_Folsom.2016-11-30 00:00:00')",1202.644809
"('stor_Nimbus.2016-10-31 00:00:00', 'stor_Nimbus.2016-11-30 00:00:00')",10.85464056
"('stor_New Melones.2016-10-31 00:00:00', 'stor_New Melones.2016-11-30 00:00:00')",2460.54634844
"('stor_Pine Flat.2016-10-31 00:00:00', 'stor_Pine Flat.2016-11-30 00:00:00')",1198.40290154
"('stor_Shasta.2016-11-30 00:00:00', 'stor_Shasta.2016-12-31 00:00:00')",5614.932874
"('stor_Keswick.2016-11-30 00:00:00', 'stor_Keswick.2016-12-31 00:00:00')",29.35686722
"('stor_Folsom.2016-11-30 00:00:00', 'stor_Folsom.2016-12-31 00:00:00')",1202.644809
"('stor_Nimbus.2016-11-30 00:00:00', 'stor_Nimbus.2016-12-31 00:00:00')",10.85464056
"('stor_New Melones.2016-11-30 00:00:00', 'stor_New Melones.2016-12-31 00:00:00')",2505.26563965
"('stor_Pine Flat.2016-11-30 00:00:00', 'stor_Pine Flat.2016-12-31 00:00:00')",1233.481855
"('stor_Shasta.2016-12-31 00:00:00', 'stor_Shasta.2017-01-31 00:00:00')",3033.39850991
"('stor_Keswick.2016-12-31 00:00:00', 'stor_Keswick.2017-01-31 00:00:00')",29.35686722
"('stor_Folsom.2016-12-31 00:00:00', 'stor_Folsom.2017-01-31 00:00:00')",1202.644809
"('stor_Nimbus.2016-12-31 00:00:00', 'stor_Nimbus.2017-01-31 00:00:00')",10.85464056
"('stor_New Melones.2016-12-31 00:00:00', 'stor_New Melones.2017-01-31 00:00:00')",2051.87636278
"('stor_Pine Flat.2016-12-31 00:00:00', 'stor_Pine Flat.2017-01-31 00:00:00')",735.370470687
"('stor_Shasta.2017-01-31 00:00:00', 'stor_Shasta.2017-02-28 00:00:00')",662.0238805
"('stor_Keswick.2017-01-31 00:00:00', 'stor_Keswick.2017-02-28 00:00:00')",29.35686722
"('stor_Folsom.2017-01-31 00:00:00', 'stor_Folsom.2017-02-28 00:00:00')",1202.644809
"('stor_Nimbus.2017-01-31 00:00:00', 'stor_Nimbus.2017-02-28 00:00:00')",10.85464056
"('stor_New Melones.2017-01-31 00:00:00', 'stor_New Melones.2017-02-28 00:00:00')",1933.80556908
"('stor_Pine Flat.2017-01-31 00:00:00', 'stor_Pine Flat.2017-02-28 00:00:00')",588.264067808
"('stor_Shasta.2017-02-28 00:00:00', 'stor_Shasta.2017-03-31 00:00:00')",4126.33840097
"('stor_Keswick.2017-02-28 00:00:00', 'stor_Keswick.2017-03-31 00:00:00')",29.35686722
"('stor_Folsom.2017-02-28 00:00:00', 'stor_Folsom.2017-03-31 00:00:00')",1202.644809
"('stor_Nimbus.2017-02-28 00:00:00', 'stor_Nimbus.2017-03-31 00:00:00')",10.85464056
"('stor_New Melones.2017-02-28 00:00:00', 'stor_New Melones.2017-03-31 00:00:00')",2199.88708809
"('stor_Pine Flat.2017-02-28 00:00:00', 'stor_Pine Flat.2017-03-31 00:00:00')",518.004935166
"('stor_Shasta.2017-03-31 00:00:00', 'stor_Shasta.2017-04-30 00:00:00')",5614.932874
"('stor_Keswick.2017-03-31 00:00:00', 'stor_Keswick.2017-04-30 00:00:00')",29.35686722
"('stor_Folsom.2017-03-31 00:00:00', 'stor_Folsom.2017-04-30 00:00:00')",1202.644809
"('stor_Nimbus.2017-03-31 00:00:00', 'stor_Nimbus.2017-04-30 00:00:00')",10.85464056
"('stor_New Melones.2017-03-31 00:00:00', 'stor_New Melones.2017-04-30 00:00:00')",2543.21935928
"('stor_Pine Flat.2017-03-31 00:00:00', 'stor_Pine Flat.2017-04-30 00:00:00')",414.777911672
"('stor_Shasta.2017-04-30 00:00:00', 'stor_Shasta.2017-05-31 00:00:00')",5614.932874
"('stor_Keswick.2017-04-30 00:00:00', 'stor_Keswick.2017-05-31 00:00:00')",29.35686722
"('stor_Folsom.2017-04-30 00:00:00', 'stor_Folsom.2017-05-31 00:00:00')",1202.644809
"('stor_Nimbus.2017-04-30 00:00:00', 'stor_Nimbus.2017-05-31 00:00:00')",10.85464056
"('stor_New Melones.2017-04-30 00:00:00', 'stor_New Melones.2017-05-31 00:00:00')",2985.02609
"('stor_Pine Flat.2017-04-30 00:00:00', 'stor_Pine Flat.2017-05-31 00:00:00')",379.703126446
"('stor_Shasta.2017-05-31 00:00:00', 'stor_Shasta.2017-06-30 00:00:00')",5614.932874
"('stor_Keswick.2017-05-31 00:00:00', 'stor_Keswick.2017-06-30 00:00:00')",29.35686722
"('stor_Folsom.2017-05-31 00:00:00', 'stor_Folsom.2017-06-30 00:00:00')",1202.644809
"('stor_Nimbus.2017-05-31 00:00:00', 'stor_Nimbus.2017-06-30 00:00:00')",10.85464056
"('stor_New Melones.2017-05-31 00:00:00', 'stor_New Melones.2017-06-30 00:00:00')",2985.02609
"('stor_Pine Flat.2017-05-31 00:00:00', 'stor_Pine Flat.2017-06-30 00:00:00')",706.581982185
"('stor_Shasta.2017-06-30 00:00:00', 'stor_Shasta.2017-07-31 00:00:00')",5614.932874
"('stor_Keswick.2017-06-30 00:00:00', 'stor_Keswick.2017-07-31 00:00:00')",29.35686722
"('stor_Folsom.2017-06-30 00:00:00', 'stor_Folsom.2017-07-31 00:00:00')",1202.644809
"('stor_Nimbus.2017-06-30 00:00:00', 'stor_Nimbus.2017-07-31 00:00:00')",10.85464056
"('stor_New Melones.2017-06-30 00:00:00', 'stor_New Melones.2017-07-31 00:00:00')",2985.02609
"('stor_Pine Flat.2017-06-30 00:00:00', 'stor_Pine Flat.2017-07-31 00:00:00')",1233.481855
"('stor_Shasta.2017-07-31 00:00:00', 'stor_Shasta.2017-08-31 00:00:00')",5614.932874
"('stor_Keswick.2017-07-31 00:00:00', 'stor_Keswick.2017-08-31 00:00:00')",29.35686722
"('stor_Folsom.2017-07-31 00:00:00', 'stor_Folsom.2017-08-31 00:00:00')",1202.644809
"('stor_Nimbus.2017-07-31 00:00:00', 'stor_Nimbus.2017-08-31 00:00:00')",10.85464056
"('stor_New Melones.2017-07-31 00:00:00', 'stor_New Melones.2017-08-31 00:00:00')",2581.49637443
"('stor_Pine Flat.2017-07-31 00:00:00', 'stor_Pine Flat.2017-08-31 00:00:00')",1233.481855
"('stor_Shasta.2017-08-31 00:00:00', 'stor_Shasta.2017-09-30 00:00:00')",5614.932874
"('stor_Keswick.2017-08-31 00:00:00', 'stor_Keswick.2017-09-30 00:00:00')",29.35686722
"('stor_Folsom.2017-08-31 00:00:00', 'stor_Folsom.2017-09-30 00:00:00')",1202.644809
"('stor_Nimbus.2017-08-31 00:00:00', 'stor_Nimbus.2017-09-30 00:00:00')",10.85464056
"('stor_New Melones.2017-08-31 00:00:00', 'stor_New Melones.2017-09-30 00:00:00')",2106.26567993
"('stor_Pine Flat.2017-08-31 00:00:00', 'stor_Pine Flat.2017-09-30 00:00:00')",1009.98541278
"('stor_Shasta.2017-09-30 00:00:00', 'stor_Shasta.2017-10-31 00:00:00')",2610.29936391
"('stor_Keswick.2017-09-30 00:00:00', 'stor_Keswick.2017-10-31 00:00:00')",29.35686722
"('stor_Folsom.2017-09-30 00:00:00', 'stor_Folsom.2017-10-31 00:00:00')",458.437110748
"('stor_Nimbus.2017-09-30 00:00:00', 'stor_Nimbus.2017-10-31 00:00:00')",10.85464056
"('stor_New Melones.2017-09-30 00:00:00', 'stor_New Melones.2017-10-31 00:00:00')",1614.90127895
"('stor_Pine Flat.2017-09-30 00:00:00', 'stor_Pine Flat.2017-10-31 00:00:00')",517.363344883
"('stor_Shasta.2017-10-31 00:00:00', 'ENDING')",2807.466437
"('stor_Keswick.2017-10-31 00:00:00', 'ENDING')",14.67843361
"('stor_Folsom.2017-10-31 00:00:00', 'ENDING')",601.3224045
"('stor_Nimbus.2017-10-31 00:00:00', 'ENDING')",5.42732028
"('stor_New Melones.2017-10-31 00:00:00', 'ENDING')",1492.513045
"('stor_Pine Flat.2017-10-31 00:00:00', 'ENDING')",616.7409277
